email,password
user1@test.com,Password@123
user2@test.com,Password@123
user3@test.com,Password@123
user4@test.com,Password@123
user5@test.com,Password@123
user6@test.com,Password@123
user7@test.com,Password@123
user8@test.com,Password@123
user9@test.com,Password@123
user10@test.com,Password@123
user11@test.com,Password@123
user12@test.com,Password@123
user13@test.com,Password@123
user14@test.com,Password@123
user15@test.com,Password@123
user16@test.com,Password@123
user17@test.com,Password@123
user18@test.com,Password@123
user19@test.com,Password@123
user20@test.com,Password@123
user21@test.com,Password@123
user22@test.com,Password@123
user23@test.com,Password@123
user24@test.com,Password@123
user25@test.com,Password@123
user26@test.com,Password@123
user27@test.com,Password@123
user28@test.com,Password@123
user29@test.com,Password@123
user30@test.com,Password@123
user31@test.com,Password@123
user32@test.com,Password@123
user33@test.com,Password@123
user34@test.com,Password@123
user35@test.com,Password@123
user36@test.com,Password@123
user37@test.com,Password@123
user38@test.com,Password@123
user39@test.com,Password@123
user40@test.com,Password@123
user41@test.com,Password@123
user42@test.com,Password@123
user43@test.com,Password@123
user44@test.com,Password@123
user45@test.com,Password@123
user46@test.com,Password@123
user47@test.com,Password@123
user48@test.com,Password@123
user49@test.com,Password@123
user50@test.com,Password@123
user51@test.com,Password@123
user52@test.com,Password@123
user53@test.com,Password@123
user54@test.com,Password@123
user55@test.com,Password@123
user56@test.com,Password@123
user57@test.com,Password@123
user58@test.com,Password@123
user59@test.com,Password@123
user60@test.com,Password@123
user61@test.com,Password@123
user62@test.com,Password@123
user63@test.com,Password@123
user64@test.com,Password@123
user65@test.com,Password@123
user66@test.com,Password@123
user67@test.com,Password@123
user68@test.com,Password@123
user69@test.com,Password@123
user70@test.com,Password@123
user71@test.com,Password@123
user72@test.com,Password@123
user73@test.com,Password@123
user74@test.com,Password@123
user75@test.com,Password@123
user76@test.com,Password@123
user77@test.com,Password@123
user78@test.com,Password@123
user79@test.com,Password@123
user80@test.com,Password@123
user81@test.com,Password@123
user82@test.com,Password@123
user83@test.com,Password@123
user84@test.com,Password@123
user85@test.com,Password@123
user86@test.com,Password@123
user87@test.com,Password@123
user88@test.com,Password@123
user89@test.com,Password@123
user90@test.com,Password@123
user91@test.com,Password@123
user92@test.com,Password@123
user93@test.com,Password@123
user94@test.com,Password@123
user95@test.com,Password@123
user96@test.com,Password@123
user97@test.com,Password@123
user98@test.com,Password@123
user99@test.com,Password@123
user100@test.com,Password@123
user101@test.com,Password@123
user102@test.com,Password@123
user103@test.com,Password@123
user104@test.com,Password@123
user105@test.com,Password@123
user106@test.com,Password@123
user107@test.com,Password@123
user108@test.com,Password@123
user109@test.com,Password@123
user110@test.com,Password@123
user111@test.com,Password@123
user112@test.com,Password@123
user113@test.com,Password@123
user114@test.com,Password@123
user115@test.com,Password@123
user116@test.com,Password@123
user117@test.com,Password@123
user118@test.com,Password@123
user119@test.com,Password@123
user120@test.com,Password@123
user121@test.com,Password@123
user122@test.com,Password@123
user123@test.com,Password@123
user124@test.com,Password@123
user125@test.com,Password@123
user126@test.com,Password@123
user127@test.com,Password@123
user128@test.com,Password@123
user129@test.com,Password@123
user130@test.com,Password@123
user131@test.com,Password@123
user132@test.com,Password@123
user133@test.com,Password@123
user134@test.com,Password@123
user135@test.com,Password@123
user136@test.com,Password@123
user137@test.com,Password@123
user138@test.com,Password@123
user139@test.com,Password@123
user140@test.com,Password@123
user141@test.com,Password@123
user142@test.com,Password@123
user143@test.com,Password@123
user144@test.com,Password@123
user145@test.com,Password@123
user146@test.com,Password@123
user147@test.com,Password@123
user148@test.com,Password@123
user149@test.com,Password@123
user150@test.com,Password@123
user151@test.com,Password@123
user152@test.com,Password@123
user153@test.com,Password@123
user154@test.com,Password@123
user155@test.com,Password@123
user156@test.com,Password@123
user157@test.com,Password@123
user158@test.com,Password@123
user159@test.com,Password@123
user160@test.com,Password@123
user161@test.com,Password@123
user162@test.com,Password@123
user163@test.com,Password@123
user164@test.com,Password@123
user165@test.com,Password@123
user166@test.com,Password@123
user167@test.com,Password@123
user168@test.com,Password@123
user169@test.com,Password@123
user170@test.com,Password@123
user171@test.com,Password@123
user172@test.com,Password@123
user173@test.com,Password@123
user174@test.com,Password@123
user175@test.com,Password@123
user176@test.com,Password@123
user177@test.com,Password@123
user178@test.com,Password@123
user179@test.com,Password@123
user180@test.com,Password@123
user181@test.com,Password@123
user182@test.com,Password@123
user183@test.com,Password@123
user184@test.com,Password@123
user185@test.com,Password@123
user186@test.com,Password@123
user187@test.com,Password@123
user188@test.com,Password@123
user189@test.com,Password@123
user190@test.com,Password@123
user191@test.com,Password@123
user192@test.com,Password@123
user193@test.com,Password@123
user194@test.com,Password@123
user195@test.com,Password@123
user196@test.com,Password@123
user197@test.com,Password@123
user198@test.com,Password@123
user199@test.com,Password@123
user200@test.com,Password@123
user201@test.com,Password@123
user202@test.com,Password@123
user203@test.com,Password@123
user204@test.com,Password@123
user205@test.com,Password@123
user206@test.com,Password@123
user207@test.com,Password@123
user208@test.com,Password@123
user209@test.com,Password@123
user210@test.com,Password@123
user211@test.com,Password@123
user212@test.com,Password@123
user213@test.com,Password@123
user214@test.com,Password@123
user215@test.com,Password@123
user216@test.com,Password@123
user217@test.com,Password@123
user218@test.com,Password@123
user219@test.com,Password@123
user220@test.com,Password@123
user221@test.com,Password@123
user222@test.com,Password@123
user223@test.com,Password@123
user224@test.com,Password@123
user225@test.com,Password@123
user226@test.com,Password@123
user227@test.com,Password@123
user228@test.com,Password@123
user229@test.com,Password@123
user230@test.com,Password@123
user231@test.com,Password@123
user232@test.com,Password@123
user233@test.com,Password@123
user234@test.com,Password@123
user235@test.com,Password@123
user236@test.com,Password@123
user237@test.com,Password@123
user238@test.com,Password@123
user239@test.com,Password@123
user240@test.com,Password@123
user241@test.com,Password@123
user242@test.com,Password@123
user243@test.com,Password@123
user244@test.com,Password@123
user245@test.com,Password@123
user246@test.com,Password@123
user247@test.com,Password@123
user248@test.com,Password@123
user249@test.com,Password@123
user250@test.com,Password@123
user251@test.com,Password@123
user252@test.com,Password@123
user253@test.com,Password@123
user254@test.com,Password@123
user255@test.com,Password@123
user256@test.com,Password@123
user257@test.com,Password@123
user258@test.com,Password@123
user259@test.com,Password@123
user260@test.com,Password@123
user261@test.com,Password@123
user262@test.com,Password@123
user263@test.com,Password@123
user264@test.com,Password@123
user265@test.com,Password@123
user266@test.com,Password@123
user267@test.com,Password@123
user268@test.com,Password@123
user269@test.com,Password@123
user270@test.com,Password@123
user271@test.com,Password@123
user272@test.com,Password@123
user273@test.com,Password@123
user274@test.com,Password@123
user275@test.com,Password@123
user276@test.com,Password@123
user277@test.com,Password@123
user278@test.com,Password@123
user279@test.com,Password@123
user280@test.com,Password@123
user281@test.com,Password@123
user282@test.com,Password@123
user283@test.com,Password@123
user284@test.com,Password@123
user285@test.com,Password@123
user286@test.com,Password@123
user287@test.com,Password@123
user288@test.com,Password@123
user289@test.com,Password@123
user290@test.com,Password@123
user291@test.com,Password@123
user292@test.com,Password@123
user293@test.com,Password@123
user294@test.com,Password@123
user295@test.com,Password@123
user296@test.com,Password@123
user297@test.com,Password@123
user298@test.com,Password@123
user299@test.com,Password@123
user300@test.com,Password@123
user301@test.com,Password@123
user302@test.com,Password@123
user303@test.com,Password@123
user304@test.com,Password@123
user305@test.com,Password@123
user306@test.com,Password@123
user307@test.com,Password@123
user308@test.com,Password@123
user309@test.com,Password@123
user310@test.com,Password@123
user311@test.com,Password@123
user312@test.com,Password@123
user313@test.com,Password@123
user314@test.com,Password@123
user315@test.com,Password@123
user316@test.com,Password@123
user317@test.com,Password@123
user318@test.com,Password@123
user319@test.com,Password@123
user320@test.com,Password@123
user321@test.com,Password@123
user322@test.com,Password@123
user323@test.com,Password@123
user324@test.com,Password@123
user325@test.com,Password@123
user326@test.com,Password@123
user327@test.com,Password@123
user328@test.com,Password@123
user329@test.com,Password@123
user330@test.com,Password@123
user331@test.com,Password@123
user332@test.com,Password@123
user333@test.com,Password@123
user334@test.com,Password@123
user335@test.com,Password@123
user336@test.com,Password@123
user337@test.com,Password@123
user338@test.com,Password@123
user339@test.com,Password@123
user340@test.com,Password@123
user341@test.com,Password@123
user342@test.com,Password@123
user343@test.com,Password@123
user344@test.com,Password@123
user345@test.com,Password@123
user346@test.com,Password@123
user347@test.com,Password@123
user348@test.com,Password@123
user349@test.com,Password@123
user350@test.com,Password@123
user351@test.com,Password@123
user352@test.com,Password@123
user353@test.com,Password@123
user354@test.com,Password@123
user355@test.com,Password@123
user356@test.com,Password@123
user357@test.com,Password@123
user358@test.com,Password@123
user359@test.com,Password@123
user360@test.com,Password@123
user361@test.com,Password@123
user362@test.com,Password@123
user363@test.com,Password@123
user364@test.com,Password@123
user365@test.com,Password@123
user366@test.com,Password@123
user367@test.com,Password@123
user368@test.com,Password@123
user369@test.com,Password@123
user370@test.com,Password@123
user371@test.com,Password@123
user372@test.com,Password@123
user373@test.com,Password@123
user374@test.com,Password@123
user375@test.com,Password@123
user376@test.com,Password@123
user377@test.com,Password@123
user378@test.com,Password@123
user379@test.com,Password@123
user380@test.com,Password@123
user381@test.com,Password@123
user382@test.com,Password@123
user383@test.com,Password@123
user384@test.com,Password@123
user385@test.com,Password@123
user386@test.com,Password@123
user387@test.com,Password@123
user388@test.com,Password@123
user389@test.com,Password@123
user390@test.com,Password@123
user391@test.com,Password@123
user392@test.com,Password@123
user393@test.com,Password@123
user394@test.com,Password@123
user395@test.com,Password@123
user396@test.com,Password@123
user397@test.com,Password@123
user398@test.com,Password@123
user399@test.com,Password@123
user400@test.com,Password@123
user401@test.com,Password@123
user402@test.com,Password@123
user403@test.com,Password@123
user404@test.com,Password@123
user405@test.com,Password@123
user406@test.com,Password@123
user407@test.com,Password@123
user408@test.com,Password@123
user409@test.com,Password@123
user410@test.com,Password@123
user411@test.com,Password@123
user412@test.com,Password@123
user413@test.com,Password@123
user414@test.com,Password@123
user415@test.com,Password@123
user416@test.com,Password@123
user417@test.com,Password@123
user418@test.com,Password@123
user419@test.com,Password@123
user420@test.com,Password@123
user421@test.com,Password@123
user422@test.com,Password@123
user423@test.com,Password@123
user424@test.com,Password@123
user425@test.com,Password@123
user426@test.com,Password@123
user427@test.com,Password@123
user428@test.com,Password@123
user429@test.com,Password@123
user430@test.com,Password@123
user431@test.com,Password@123
user432@test.com,Password@123
user433@test.com,Password@123
user434@test.com,Password@123
user435@test.com,Password@123
user436@test.com,Password@123
user437@test.com,Password@123
user438@test.com,Password@123
user439@test.com,Password@123
user440@test.com,Password@123
user441@test.com,Password@123
user442@test.com,Password@123
user443@test.com,Password@123
user444@test.com,Password@123
user445@test.com,Password@123
user446@test.com,Password@123
user447@test.com,Password@123
user448@test.com,Password@123
user449@test.com,Password@123
user450@test.com,Password@123
user451@test.com,Password@123
user452@test.com,Password@123
user453@test.com,Password@123
user454@test.com,Password@123
user455@test.com,Password@123
user456@test.com,Password@123
user457@test.com,Password@123
user458@test.com,Password@123
user459@test.com,Password@123
user460@test.com,Password@123
user461@test.com,Password@123
user462@test.com,Password@123
user463@test.com,Password@123
user464@test.com,Password@123
user465@test.com,Password@123
user466@test.com,Password@123
user467@test.com,Password@123
user468@test.com,Password@123
user469@test.com,Password@123
user470@test.com,Password@123
user471@test.com,Password@123
user472@test.com,Password@123
user473@test.com,Password@123
user474@test.com,Password@123
user475@test.com,Password@123
user476@test.com,Password@123
user477@test.com,Password@123
user478@test.com,Password@123
user479@test.com,Password@123
user480@test.com,Password@123
user481@test.com,Password@123
user482@test.com,Password@123
user483@test.com,Password@123
user484@test.com,Password@123
user485@test.com,Password@123
user486@test.com,Password@123
user487@test.com,Password@123
user488@test.com,Password@123
user489@test.com,Password@123
user490@test.com,Password@123
user491@test.com,Password@123
user492@test.com,Password@123
user493@test.com,Password@123
user494@test.com,Password@123
user495@test.com,Password@123
user496@test.com,Password@123
user497@test.com,Password@123
user498@test.com,Password@123
user499@test.com,Password@123
user500@test.com,Password@123
user501@test.com,Password@123
user502@test.com,Password@123
user503@test.com,Password@123
user504@test.com,Password@123
user505@test.com,Password@123
user506@test.com,Password@123
user507@test.com,Password@123
user508@test.com,Password@123
user509@test.com,Password@123
user510@test.com,Password@123
user511@test.com,Password@123
user512@test.com,Password@123
user513@test.com,Password@123
user514@test.com,Password@123
user515@test.com,Password@123
user516@test.com,Password@123
user517@test.com,Password@123
user518@test.com,Password@123
user519@test.com,Password@123
user520@test.com,Password@123
user521@test.com,Password@123
user522@test.com,Password@123
user523@test.com,Password@123
user524@test.com,Password@123
user525@test.com,Password@123
user526@test.com,Password@123
user527@test.com,Password@123
user528@test.com,Password@123
user529@test.com,Password@123
user530@test.com,Password@123
user531@test.com,Password@123
user532@test.com,Password@123
user533@test.com,Password@123
user534@test.com,Password@123
user535@test.com,Password@123
user536@test.com,Password@123
user537@test.com,Password@123
user538@test.com,Password@123
user539@test.com,Password@123
user540@test.com,Password@123
user541@test.com,Password@123
user542@test.com,Password@123
user543@test.com,Password@123
user544@test.com,Password@123
user545@test.com,Password@123
user546@test.com,Password@123
user547@test.com,Password@123
user548@test.com,Password@123
user549@test.com,Password@123
user550@test.com,Password@123
user551@test.com,Password@123
user552@test.com,Password@123
user553@test.com,Password@123
user554@test.com,Password@123
user555@test.com,Password@123
user556@test.com,Password@123
user557@test.com,Password@123
user558@test.com,Password@123
user559@test.com,Password@123
user560@test.com,Password@123
user561@test.com,Password@123
user562@test.com,Password@123
user563@test.com,Password@123
user564@test.com,Password@123
user565@test.com,Password@123
user566@test.com,Password@123
user567@test.com,Password@123
user568@test.com,Password@123
user569@test.com,Password@123
user570@test.com,Password@123
user571@test.com,Password@123
user572@test.com,Password@123
user573@test.com,Password@123
user574@test.com,Password@123
user575@test.com,Password@123
user576@test.com,Password@123
user577@test.com,Password@123
user578@test.com,Password@123
user579@test.com,Password@123
user580@test.com,Password@123
user581@test.com,Password@123
user582@test.com,Password@123
user583@test.com,Password@123
user584@test.com,Password@123
user585@test.com,Password@123
user586@test.com,Password@123
user587@test.com,Password@123
user588@test.com,Password@123
user589@test.com,Password@123
user590@test.com,Password@123
user591@test.com,Password@123
user592@test.com,Password@123
user593@test.com,Password@123
user594@test.com,Password@123
user595@test.com,Password@123
user596@test.com,Password@123
user597@test.com,Password@123
user598@test.com,Password@123
user599@test.com,Password@123
user600@test.com,Password@123
user601@test.com,Password@123
user602@test.com,Password@123
user603@test.com,Password@123
user604@test.com,Password@123
user605@test.com,Password@123
user606@test.com,Password@123
user607@test.com,Password@123
user608@test.com,Password@123
user609@test.com,Password@123
user610@test.com,Password@123
user611@test.com,Password@123
user612@test.com,Password@123
user613@test.com,Password@123
user614@test.com,Password@123
user615@test.com,Password@123
user616@test.com,Password@123
user617@test.com,Password@123
user618@test.com,Password@123
user619@test.com,Password@123
user620@test.com,Password@123
user621@test.com,Password@123
user622@test.com,Password@123
user623@test.com,Password@123
user624@test.com,Password@123
user625@test.com,Password@123
user626@test.com,Password@123
user627@test.com,Password@123
user628@test.com,Password@123
user629@test.com,Password@123
user630@test.com,Password@123
user631@test.com,Password@123
user632@test.com,Password@123
user633@test.com,Password@123
user634@test.com,Password@123
user635@test.com,Password@123
user636@test.com,Password@123
user637@test.com,Password@123
user638@test.com,Password@123
user639@test.com,Password@123
user640@test.com,Password@123
user641@test.com,Password@123
user642@test.com,Password@123
user643@test.com,Password@123
user644@test.com,Password@123
user645@test.com,Password@123
user646@test.com,Password@123
user647@test.com,Password@123
user648@test.com,Password@123
user649@test.com,Password@123
user650@test.com,Password@123
user651@test.com,Password@123
user652@test.com,Password@123
user653@test.com,Password@123
user654@test.com,Password@123
user655@test.com,Password@123
user656@test.com,Password@123
user657@test.com,Password@123
user658@test.com,Password@123
user659@test.com,Password@123
user660@test.com,Password@123
user661@test.com,Password@123
user662@test.com,Password@123
user663@test.com,Password@123
user664@test.com,Password@123
user665@test.com,Password@123
user666@test.com,Password@123
user667@test.com,Password@123
user668@test.com,Password@123
user669@test.com,Password@123
user670@test.com,Password@123
user671@test.com,Password@123
user672@test.com,Password@123
user673@test.com,Password@123
user674@test.com,Password@123
user675@test.com,Password@123
user676@test.com,Password@123
user677@test.com,Password@123
user678@test.com,Password@123
user679@test.com,Password@123
user680@test.com,Password@123
user681@test.com,Password@123
user682@test.com,Password@123
user683@test.com,Password@123
user684@test.com,Password@123
user685@test.com,Password@123
user686@test.com,Password@123
user687@test.com,Password@123
user688@test.com,Password@123
user689@test.com,Password@123
user690@test.com,Password@123
user691@test.com,Password@123
user692@test.com,Password@123
user693@test.com,Password@123
user694@test.com,Password@123
user695@test.com,Password@123
user696@test.com,Password@123
user697@test.com,Password@123
user698@test.com,Password@123
user699@test.com,Password@123
user700@test.com,Password@123
user701@test.com,Password@123
user702@test.com,Password@123
user703@test.com,Password@123
user704@test.com,Password@123
user705@test.com,Password@123
user706@test.com,Password@123
user707@test.com,Password@123
user708@test.com,Password@123
user709@test.com,Password@123
user710@test.com,Password@123
user711@test.com,Password@123
user712@test.com,Password@123
user713@test.com,Password@123
user714@test.com,Password@123
user715@test.com,Password@123
user716@test.com,Password@123
user717@test.com,Password@123
user718@test.com,Password@123
user719@test.com,Password@123
user720@test.com,Password@123
user721@test.com,Password@123
user722@test.com,Password@123
user723@test.com,Password@123
user724@test.com,Password@123
user725@test.com,Password@123
user726@test.com,Password@123
user727@test.com,Password@123
user728@test.com,Password@123
user729@test.com,Password@123
user730@test.com,Password@123
user731@test.com,Password@123
user732@test.com,Password@123
user733@test.com,Password@123
user734@test.com,Password@123
user735@test.com,Password@123
user736@test.com,Password@123
user737@test.com,Password@123
user738@test.com,Password@123
user739@test.com,Password@123
user740@test.com,Password@123
user741@test.com,Password@123
user742@test.com,Password@123
user743@test.com,Password@123
user744@test.com,Password@123
user745@test.com,Password@123
user746@test.com,Password@123
user747@test.com,Password@123
user748@test.com,Password@123
user749@test.com,Password@123
user750@test.com,Password@123
user751@test.com,Password@123
user752@test.com,Password@123
user753@test.com,Password@123
user754@test.com,Password@123
user755@test.com,Password@123
user756@test.com,Password@123
user757@test.com,Password@123
user758@test.com,Password@123
user759@test.com,Password@123
user760@test.com,Password@123
user761@test.com,Password@123
user762@test.com,Password@123
user763@test.com,Password@123
user764@test.com,Password@123
user765@test.com,Password@123
user766@test.com,Password@123
user767@test.com,Password@123
user768@test.com,Password@123
user769@test.com,Password@123
user770@test.com,Password@123
user771@test.com,Password@123
user772@test.com,Password@123
user773@test.com,Password@123
user774@test.com,Password@123
user775@test.com,Password@123
user776@test.com,Password@123
user777@test.com,Password@123
user778@test.com,Password@123
user779@test.com,Password@123
user780@test.com,Password@123
user781@test.com,Password@123
user782@test.com,Password@123
user783@test.com,Password@123
user784@test.com,Password@123
user785@test.com,Password@123
user786@test.com,Password@123
user787@test.com,Password@123
user788@test.com,Password@123
user789@test.com,Password@123
user790@test.com,Password@123
user791@test.com,Password@123
user792@test.com,Password@123
user793@test.com,Password@123
user794@test.com,Password@123
user795@test.com,Password@123
user796@test.com,Password@123
user797@test.com,Password@123
user798@test.com,Password@123
user799@test.com,Password@123
user800@test.com,Password@123
user801@test.com,Password@123
user802@test.com,Password@123
user803@test.com,Password@123
user804@test.com,Password@123
user805@test.com,Password@123
user806@test.com,Password@123
user807@test.com,Password@123
user808@test.com,Password@123
user809@test.com,Password@123
user810@test.com,Password@123
user811@test.com,Password@123
user812@test.com,Password@123
user813@test.com,Password@123
user814@test.com,Password@123
user815@test.com,Password@123
user816@test.com,Password@123
user817@test.com,Password@123
user818@test.com,Password@123
user819@test.com,Password@123
user820@test.com,Password@123
user821@test.com,Password@123
user822@test.com,Password@123
user823@test.com,Password@123
user824@test.com,Password@123
user825@test.com,Password@123
user826@test.com,Password@123
user827@test.com,Password@123
user828@test.com,Password@123
user829@test.com,Password@123
user830@test.com,Password@123
user831@test.com,Password@123
user832@test.com,Password@123
user833@test.com,Password@123
user834@test.com,Password@123
user835@test.com,Password@123
user836@test.com,Password@123
user837@test.com,Password@123
user838@test.com,Password@123
user839@test.com,Password@123
user840@test.com,Password@123
user841@test.com,Password@123
user842@test.com,Password@123
user843@test.com,Password@123
user844@test.com,Password@123
user845@test.com,Password@123
user846@test.com,Password@123
user847@test.com,Password@123
user848@test.com,Password@123
user849@test.com,Password@123
user850@test.com,Password@123
user851@test.com,Password@123
user852@test.com,Password@123
user853@test.com,Password@123
user854@test.com,Password@123
user855@test.com,Password@123
user856@test.com,Password@123
user857@test.com,Password@123
user858@test.com,Password@123
user859@test.com,Password@123
user860@test.com,Password@123
user861@test.com,Password@123
user862@test.com,Password@123
user863@test.com,Password@123
user864@test.com,Password@123
user865@test.com,Password@123
user866@test.com,Password@123
user867@test.com,Password@123
user868@test.com,Password@123
user869@test.com,Password@123
user870@test.com,Password@123
user871@test.com,Password@123
user872@test.com,Password@123
user873@test.com,Password@123
user874@test.com,Password@123
user875@test.com,Password@123
user876@test.com,Password@123
user877@test.com,Password@123
user878@test.com,Password@123
user879@test.com,Password@123
user880@test.com,Password@123
user881@test.com,Password@123
user882@test.com,Password@123
user883@test.com,Password@123
user884@test.com,Password@123
user885@test.com,Password@123
user886@test.com,Password@123
user887@test.com,Password@123
user888@test.com,Password@123
user889@test.com,Password@123
user890@test.com,Password@123
user891@test.com,Password@123
user892@test.com,Password@123
user893@test.com,Password@123
user894@test.com,Password@123
user895@test.com,Password@123
user896@test.com,Password@123
user897@test.com,Password@123
user898@test.com,Password@123
user899@test.com,Password@123
user900@test.com,Password@123
user901@test.com,Password@123
user902@test.com,Password@123
user903@test.com,Password@123
user904@test.com,Password@123
user905@test.com,Password@123
user906@test.com,Password@123
user907@test.com,Password@123
user908@test.com,Password@123
user909@test.com,Password@123
user910@test.com,Password@123
user911@test.com,Password@123
user912@test.com,Password@123
user913@test.com,Password@123
user914@test.com,Password@123
user915@test.com,Password@123
user916@test.com,Password@123
user917@test.com,Password@123
user918@test.com,Password@123
user919@test.com,Password@123
user920@test.com,Password@123
user921@test.com,Password@123
user922@test.com,Password@123
user923@test.com,Password@123
user924@test.com,Password@123
user925@test.com,Password@123
user926@test.com,Password@123
user927@test.com,Password@123
user928@test.com,Password@123
user929@test.com,Password@123
user930@test.com,Password@123
user931@test.com,Password@123
user932@test.com,Password@123
user933@test.com,Password@123
user934@test.com,Password@123
user935@test.com,Password@123
user936@test.com,Password@123
user937@test.com,Password@123
user938@test.com,Password@123
user939@test.com,Password@123
user940@test.com,Password@123
user941@test.com,Password@123
user942@test.com,Password@123
user943@test.com,Password@123
user944@test.com,Password@123
user945@test.com,Password@123
user946@test.com,Password@123
user947@test.com,Password@123
user948@test.com,Password@123
user949@test.com,Password@123
user950@test.com,Password@123
user951@test.com,Password@123
user952@test.com,Password@123
user953@test.com,Password@123
user954@test.com,Password@123
user955@test.com,Password@123
user956@test.com,Password@123
user957@test.com,Password@123
user958@test.com,Password@123
user959@test.com,Password@123
user960@test.com,Password@123
user961@test.com,Password@123
user962@test.com,Password@123
user963@test.com,Password@123
user964@test.com,Password@123
user965@test.com,Password@123
user966@test.com,Password@123
user967@test.com,Password@123
user968@test.com,Password@123
user969@test.com,Password@123
user970@test.com,Password@123
user971@test.com,Password@123
user972@test.com,Password@123
user973@test.com,Password@123
user974@test.com,Password@123
user975@test.com,Password@123
user976@test.com,Password@123
user977@test.com,Password@123
user978@test.com,Password@123
user979@test.com,Password@123
user980@test.com,Password@123
user981@test.com,Password@123
user982@test.com,Password@123
user983@test.com,Password@123
user984@test.com,Password@123
user985@test.com,Password@123
user986@test.com,Password@123
user987@test.com,Password@123
user988@test.com,Password@123
user989@test.com,Password@123
user990@test.com,Password@123
user991@test.com,Password@123
user992@test.com,Password@123
user993@test.com,Password@123
user994@test.com,Password@123
user995@test.com,Password@123
user996@test.com,Password@123
user997@test.com,Password@123
user998@test.com,Password@123
user999@test.com,Password@123
user1000@test.com,Password@123
